week,stock,buy,sell,qty,pnl,pnl_pct
2024-08-05,bdl,1341.15,1402.65,7,392.09,4.59
2024-08-05,exideind,485.35,496.25,19,169.8,2.25
2024-08-05,axisbank,1133.5,1136.8,8,-9.92,0.29
2024-08-05,supremeind,4970.9,5203.5,1,212.25,4.68
2024-08-05,acc,2380.6,2396.1,3,17.84,0.65
2024-08-12,astral,1937.9,1862.95,4,-330.21,-3.87
2024-08-12,acc,2313.6,2281.95,4,-163.36,-1.37
2024-08-12,thermax,4257.0,4301.1,2,53.97,1.04
2024-08-12,medanta,1081.75,1065.75,8,-162.36,-1.48
2024-08-19,hindzinc,495.7,510.85,19,249.6,3.06
2024-08-19,astral,1882.75,1890.25,5,-0.23,0.4
2024-08-19,apollotyre,483.0,506.25,19,404.16,4.81
2024-08-19,aplapollo,1357.0,1358.7,7,-26.12,0.13
2024-08-19,mfsl,991.5,1047.25,9,465.05,5.62
2024-08-26,cochinship,2057.15,2012.7,4,-210.36,-2.16
2024-08-26,zyduslife,1108.45,1138.3,8,202.85,2.69
2024-08-26,medanta,1058.35,1085.9,9,209.35,2.6
2024-08-26,adanipower,132.26,128.31,73,-326.39,-2.99
2024-08-26,sjvn,133.62,132.31,72,-132.61,-0.98
2024-09-02,cochinship,1851.35,1928.9,5,349.95,4.19
2024-09-02,hindzinc,493.85,485.9,19,-188.28,-1.61
2024-09-02,mazdock,2099.9,2387.4,4,1114.1,13.69
2024-09-02,aiaeng,4320.45,4385.9,2,96.07,1.51
2024-09-02,zyduslife,1111.55,1127.9,8,94.97,1.47
2024-09-09,bhel,262.05,258.75,37,-160.64,-1.26
2024-09-09,siemens,3849.69,3869.91,2,9.57,0.53
2024-09-09,cochinship,1820.55,1803.9,5,-119.49,-0.91
2024-09-09,federalbnk,184.99,183.18,53,-134.96,-0.98
2024-09-09,ongc,298.9,285.3,33,-487.36,-4.55
2024-09-16,hudco,247.25,240.8,39,-289.62,-2.61
2024-09-16,irfc,163.96,158.56,59,-356.66,-3.29
2024-09-16,cochinship,1794.3,1725.7,5,-378.2,-3.82
2024-09-16,adaniensol,980.5,979.9,9,-40.69,-0.06
2024-09-16,ireda,228.39,227.39,42,-80.29,-0.44
2024-09-23,idea,10.82,10.36,884,-444.09,-4.25
2024-09-23,patanjali,580.4,578.12,16,-73.61,-0.39
2024-09-23,concor,887.45,889.3,10,-17.04,0.21
2024-09-23,tcs,4268.5,4274.75,2,-21.67,0.15
2024-09-23,zyduslife,1055.25,1063.45,9,35.66,0.78
2024-10-07,dabur,569.4,565.05,16,-105.9,-0.76
2024-10-07,fact,850.2,885.2,11,346.82,4.12
2024-10-07,lauruslabs,431.3,453.9,21,437.42,5.24
2024-10-07,lichsgfin,607.5,617.2,15,108.76,1.6
2024-10-07,pfc,438.65,470.8,21,636.95,7.33
2024-10-14,dmart,4183.6,4173.8,2,-53.03,-0.23
2024-10-14,mahabank,54.2,54.56,179,25.5,0.66
2024-10-14,unionbank,114.05,111.96,85,-216.07,-1.83
2024-10-14,m_mfin,283.25,290.0,34,190.52,2.38
2024-10-14,godrejcp,1312.6,1361.0,7,301.37,3.69
2024-10-21,dmart,3973.45,4156.1,2,332.78,4.6
2024-10-21,sonacoms,633.55,644.1,15,119.92,1.67
2024-10-21,nestleind,1177.32,1163.57,8,-147.45,-1.17
2024-10-21,hindunilvr,2693.55,2659.3,3,-134.87,-1.27
2024-10-21,tataconsum,1017.05,1014.55,9,-59.07,-0.25
2024-10-28,igl,202.35,210.45,48,349.17,4.0
2024-10-28,adanigreen,1613.15,1634.2,6,87.33,1.3
2024-10-28,havells,1668.4,1662.5,5,-62.81,-0.35
2024-10-28,tataconsum,975.9,1022.7,10,428.03,4.8
2024-10-28,concor,780.75,835.45,12,617.61,7.01
2024-11-04,colpal,2984.6,2973.95,3,-67.7,-0.36
2024-11-04,supremeind,4214.2,4683.95,2,903.91,11.15
2024-11-04,ioc,138.93,144.61,72,368.13,4.09
2024-11-04,icicigi,1870.85,1933.7,5,276.2,3.36
2024-11-04,bajaj-auto,9525.55,10020.5,1,455.86,5.2
2024-11-11,sundarmfin,4278.2,4167.05,2,-256.08,-2.6
2024-11-11,asianpaint,2543.1,2470.5,4,-330.51,-2.85
2024-11-11,bhartiartl,1560.55,1550.45,6,-97.93,-0.65
2024-11-11,aparinds,8734.45,8737.85,1,-31.55,0.04
2024-11-11,aubank,576.05,560.8,18,-315.43,-2.65
2024-11-25,adanigreen,968.8,988.4,10,156.86,2.02
2024-11-25,tiindia,3395.3,3389.15,3,-59.16,-0.18
2024-11-25,adaniensol,625.2,660.8,16,528.45,5.69
2024-11-25,adanipower,89.33,104.61,114,1697.7,17.11
2024-11-25,dmart,3621.05,3661.25,2,51.27,1.11
2024-12-02,hdfclife,640.2,650.25,16,119.51,1.57
2024-12-02,sbilife,1422.05,1452.6,7,173.6,2.15
2024-12-02,igl,171.77,180.12,62,474.06,4.86
2024-12-02,ntpc,358.2,372.75,29,379.55,4.06
2024-12-02,mfsl,1114.65,1169.95,9,456.58,4.96
2024-12-09,asianpaint,2391.85,2417.3,4,63.33,1.06
2024-12-09,adanigreen,1216.95,1148.05,9,-662.67,-5.66
2024-12-09,piind,4060.6,4102.3,2,50.75,1.03
2024-12-09,britannia,4793.0,4889.5,2,154.27,2.01
2024-12-09,glaxo,2327.55,2346.8,4,39.61,0.83
2024-12-16,nationalum,219.91,226.88,49,297.74,3.17
2024-12-16,sbilife,1421.65,1398.0,7,-205.03,-1.66
2024-12-16,ntpc,352.9,341.75,30,-376.18,-3.16
2024-12-16,glaxo,2278.6,2332.55,4,178.91,2.37
2024-12-16,escorts,3432.4,3360.85,3,-255.41,-2.08
2024-12-30,lindeindia,5820.95,6079.5,1,234.75,4.44
2024-12-30,hindzinc,432.4,444.05,25,247.43,2.69
2024-12-30,sjvn,103.5,110.85,104,719.82,7.1
2024-12-30,siemens,3776.52,3894.83,2,205.93,3.13
2024-12-30,ucobank,42.39,43.86,256,332.16,3.47
2025-01-06,astral,1556.45,1553.25,7,-65.94,-0.21
2025-01-06,mcx,1162.67,1187.7,9,182.96,2.15
2025-01-06,tataelxsi,6486.45,6473.5,1,-38.87,-0.2
2025-01-06,concor,610.88,605.4,18,-142.43,-0.9
2025-01-06,adanigreen,982.6,988.95,11,26.48,0.65
2025-01-13,godrejprop,2248.9,2306.9,4,195.55,2.58
2025-01-13,concor,582.72,607.32,19,422.18,4.22
2025-01-13,kalyankjil,573.1,555.1,19,-384.87,-3.14
2025-01-13,prestige,1426.65,1439.35,7,48.78,0.89
2025-01-13,apollotyre,443.15,454.75,25,245.11,2.62
2025-01-20,apollotyre,451.3,439.0,25,-352.01,-2.73
2025-01-20,ofss,10017.5,9593.2,1,-463.52,-4.24
2025-01-20,kalyankjil,530.9,485.65,21,-992.95,-8.52
2025-01-20,godrejind,920.05,879.6,12,-528.59,-4.4
2025-01-20,godfryphlp,1482.42,1411.45,7,-537.28,-4.79
2025-01-27,jiofin,233.3,238.3,46,186.61,2.14
2025-01-27,godrejprop,2095.75,2237.55,5,665.67,6.77
2025-01-27,trent,5412.6,5597.15,1,162.53,3.41
2025-01-27,voltas,1418.75,1474.1,7,346.95,3.9
2025-01-27,eternal,206.2,222.5,52,803.02,7.9
2025-02-03,motilalofs,625.65,701.65,17,1246.87,12.15
2025-02-03,jswenergy,445.65,493.8,25,1156.78,10.8
2025-02-03,abb,5197.35,5744.95,2,1051.43,10.54
2025-02-03,aparinds,7239.2,7304.8,1,36.51,0.91
2025-02-03,recltd,405.5,440.25,27,892.58,8.57
2025-02-10,aparinds,6728.2,6774.0,1,18.8,0.68
2025-02-10,trent,5196.75,5237.3,2,39.36,0.78
2025-02-10,swiggy,362.1,341.4,33,-729.53,-5.72
2025-02-10,adanipower,98.28,100.35,121,202.4,2.11
2025-02-10,lloydsme,1175.2,1181.05,10,11.38,0.5
2025-02-17,tatainvest,522.03,594.45,22,1544.0,13.87
2025-02-17,ltts,4816.9,4872.05,2,71.54,1.14
2025-02-17,vbl,474.55,475.9,25,-13.77,0.28
2025-02-17,jswinfra,225.45,225.35,52,-52.08,-0.04
2025-02-17,awl,235.75,253.7,50,848.55,7.61
2025-03-03,tcs,3493.05,3547.05,3,119.76,1.55
2025-03-03,jiofin,200.92,217.1,61,935.98,8.05
2025-03-03,piind,2987.1,3145.35,4,583.94,5.3
2025-03-03,yesbank,16.31,16.92,757,411.46,3.74
2025-03-03,ntpcgreen,87.92,91.07,140,390.88,3.58
2025-03-10,bajaj-auto,7383.4,7515.05,1,101.85,1.78
2025-03-10,kalyankjil,407.5,427.25,31,560.5,4.85
2025-03-10,ofss,7388.3,7296.2,1,-121.47,-1.25
2025-03-10,bse,1332.98,1338.13,9,-1.73,0.39
2025-03-10,mcx,904.11,954.69,14,656.07,5.59
2025-03-17,indusindbk,677.4,692.7,19,238.64,2.26
2025-03-17,ireda,138.16,151.87,94,1234.21,9.92
2025-03-17,aparinds,5321.6,5802.35,2,917.0,9.03
2025-03-17,idfcfirstb,52.89,55.42,246,569.09,4.78
2025-03-17,fact,596.65,642.8,21,917.09,7.73
2025-03-24,indusindbk,669.45,655.3,20,-335.99,-2.11
2025-03-24,crisil,4196.1,4169.65,3,-129.55,-0.63
2025-03-24,kei,2882.65,2819.95,4,-296.42,-2.18
2025-03-24,infy,1592.75,1599.45,8,2.52,0.42
2025-03-24,jsl,591.35,595.15,23,32.82,0.64
2025-04-07,ucobank,28.06,28.69,486,251.02,2.25
2025-04-07,sonacoms,406.6,407.45,33,-25.68,0.21
2025-04-07,nationalum,144.69,143.45,94,-170.73,-0.86
2025-04-07,hindalco,561.8,564.0,24,-1.24,0.39
2025-04-07,jsl,516.65,512.6,26,-158.82,-0.78
2025-04-21,aiaeng,3131.0,3132.7,4,-43.31,0.05
2025-04-21,aparinds,4977.0,5342.0,2,688.72,7.33
2025-04-21,wipro,238.45,243.6,57,238.6,2.16
2025-04-21,zyduslife,845.35,868.0,16,307.57,2.68
2025-04-21,maxhealth,1073.0,1129.6,12,626.34,5.27
2025-04-28,bluestarco,1746.4,1706.3,7,-329.04,-2.3
2025-04-28,voltas,1246.4,1236.1,11,-167.92,-0.83
2025-04-28,jswenergy,476.2,479.2,29,31.59,0.63
2025-04-28,swiggy,323.75,316.4,43,-371.1,-2.27
2025-04-28,igl,185.32,192.59,75,488.56,3.92
2025-05-05,bluestarco,1682.0,1677.7,8,-88.16,-0.26
2025-05-05,jswsteel,955.5,966.1,14,94.59,1.11
2025-05-05,torntpower,1477.9,1501.9,9,162.36,1.62
2025-05-05,jswinfra,289.3,290.95,48,23.5,0.57
2025-05-05,acc,1882.3,1844.9,7,-313.98,-1.99
2025-05-12,bluestarco,1624.2,1558.9,8,-573.33,-4.02
2025-05-12,acc,1858.8,1861.0,7,-36.68,0.12
2025-05-12,ajantpharm,2482.3,2586.3,5,469.31,4.19
2025-05-12,bankbaroda,226.85,233.57,61,353.75,2.96
2025-05-12,bankindia,110.09,113.86,126,418.59,3.42
2025-05-19,patanjali,577.37,575.0,24,-112.11,-0.41
2025-05-19,vbl,494.8,479.15,28,-492.74,-3.16
2025-05-19,torntpower,1424.3,1398.7,9,-281.21,-1.8
2025-05-19,industower,389.1,387.95,35,-94.64,-0.3
2025-05-19,medanta,1181.0,1183.1,11,-28.91,0.18
2025-05-26,bluestarco,1551.9,1555.5,8,-20.92,0.23
2025-05-26,jublfood,661.55,659.75,20,-88.85,-0.27
2025-05-26,balkrisind,2492.0,2478.0,5,-119.7,-0.56
2025-05-26,colpal,2510.3,2506.8,5,-67.67,-0.14
2025-06-02,fluorochem,3568.6,3671.5,3,265.26,2.88
2025-06-02,grasim,2524.1,2549.7,5,77.26,1.01
2025-06-02,auropharma,1136.8,1138.7,12,-31.81,0.17
2025-06-02,havells,1514.8,1500.0,9,-187.47,-0.98
2025-06-09,fluorochem,3639.9,3752.5,3,293.45,3.09
2025-06-09,mankind,2356.7,2378.8,5,63.15,0.94
2025-06-09,ipcalab,1369.3,1389.4,10,145.83,1.47
2025-06-09,alkem,4873.5,4885.5,2,-15.04,0.25
2025-06-09,colpal,2451.0,2432.1,5,-143.33,-0.77
2025-06-16,apollotyre,447.55,445.4,30,-118.08,-0.48
2025-06-16,tataconsum,1083.4,1065.2,12,-269.97,-1.68
2025-06-16,ipcalab,1362.5,1361.8,10,-61.49,-0.05
2025-06-16,coromandel,2265.8,2291.4,6,98.91,1.13
2025-06-23,fluorochem,3373.4,3469.4,4,329.26,2.85
2025-06-23,ipcalab,1340.0,1357.7,10,123.05,1.32
2025-06-23,suzlon,62.79,64.32,219,279.4,2.44
2025-06-23,patanjali,538.3,544.37,25,97.53,1.13
2025-06-23,siemens,3091.6,3149.1,4,180.07,1.86
2025-06-30,aplapollo,1739.1,1743.2,8,-22.92,0.24
2025-06-30,hindzinc,450.85,447.2,30,-163.38,-0.81
2025-06-30,kpittech,1258.7,1241.6,11,-243.11,-1.36
2025-06-30,lodha,1384.2,1398.8,10,90.34,1.05
2025-06-30,ntpcgreen,104.69,105.51,133,53.15,0.78
2025-07-07,hindzinc,437.5,425.0,31,-440.98,-2.86
2025-07-07,godrejind,1168.7,1146.1,11,-299.53,-1.93
2025-07-07,aplapollo,1734.1,1708.3,8,-261.48,-1.49
2025-07-07,unitdspr,1382.6,1370.9,10,-172.07,-0.85
2025-07-07,techm,1623.9,1614.8,8,-124.62,-0.56
2025-07-14,godrejind,1096.7,1146.5,12,543.76,4.54
2025-07-14,supremeind,4112.0,4235.9,3,321.61,3.01
2025-07-14,cochinship,1928.8,1938.0,7,10.26,0.48
2025-07-14,fact,904.25,970.6,15,939.0,7.34
2025-07-21,mazdock,2951.7,2919.4,4,-176.17,-1.09
2025-07-21,reliance,1428.6,1424.6,9,-87.36,-0.28
2025-07-21,hcltech,1530.4,1529.8,9,-60.48,-0.04
2025-07-21,techm,1543.8,1546.6,9,-30.43,0.18
2025-07-28,hcltech,1466.1,1476.5,9,40.63,0.71
2025-07-28,oberoirlty,1627.2,1648.0,8,114.0,1.28
2025-07-28,bdl,1621.8,1620.3,8,-63.87,-0.09
2025-07-28,lodha,1203.2,1238.2,11,331.29,2.91
2025-07-28,trent,4994.0,5043.5,2,58.85,0.99
2025-08-04,industower,345.8,340.95,40,-248.94,-1.4
2025-08-04,sundarmfin,4459.2,4491.9,3,44.39,0.73
2025-08-04,360one,1052.0,1056.8,13,7.57,0.46
2025-08-04,unionbank,129.04,131.02,108,157.67,1.53
2025-08-04,hdbfs,741.7,737.95,18,-120.77,-0.51
2025-08-11,hext,701.3,724.1,19,379.03,3.25
2025-08-11,tataelxsi,5676.5,5671.0,2,-56.39,-0.1
2025-08-11,thermax,3273.6,3300.9,4,56.6,0.83
2025-08-11,mankind,2437.5,2466.0,5,93.47,1.17
2025-08-11,bhel,221.46,223.99,63,103.26,1.14
2025-08-18,concor,537.8,557.5,26,455.24,3.66
2025-08-18,hindpetro,387.05,390.8,36,78.99,0.97
2025-08-18,balkrisind,2436.5,2421.1,5,-125.58,-0.63
2025-08-18,oil,401.45,408.0,35,172.59,1.63
2025-08-18,petronet,273.75,280.15,51,269.9,2.34
2025-09-01,ubl,1795.8,1829.2,7,183.05,1.86
2025-09-01,mahabank,52.01,52.82,274,164.49,1.56
2025-09-01,ajantpharm,2452.0,2557.5,5,477.4,4.3
2025-09-01,bajajhldng,12544.0,13023.0,1,427.87,3.82
2025-09-01,lici,859.15,870.7,16,129.44,1.34
2025-09-08,coromandel,2185.2,2218.7,6,148.15,1.53
2025-09-08,tatacomm,1547.0,1582.7,9,264.96,2.31
2025-09-08,icicipruli,593.15,602.25,24,161.02,1.53
2025-09-08,bajajhldng,12771.0,13054.0,1,231.35,2.22
2025-09-08,gicre,366.4,367.65,39,-8.51,0.34
2025-09-15,deepakntr,1746.6,1844.9,8,728.94,5.63
2025-09-15,jkcement,6475.0,6777.5,2,551.99,4.67
2025-09-15,sundarmfin,4432.9,4633.9,3,548.6,4.53
2025-09-15,medanta,1325.6,1377.5,11,511.43,3.92
2025-09-15,ipcalab,1310.3,1311.2,11,-47.77,0.07
2025-09-22,titan,3457.5,3418.3,4,-211.81,-1.13
2025-09-22,ubl,1774.9,1796.6,8,116.46,1.22
2025-09-22,bhartihexa,1690.4,1687.6,8,-76.45,-0.17
2025-09-22,dabur,522.05,517.8,28,-177.23,-0.81
2025-09-22,trent,5010.5,4897.0,3,-399.94,-2.27
2025-09-29,trent,4730.5,4832.0,3,247.12,2.15
2025-09-29,dabur,492.85,495.05,30,6.73,0.45
2025-09-29,asianpaint,2342.6,2335.8,6,-96.94,-0.29
2025-09-29,colpal,2218.4,2224.9,6,-14.32,0.29
2025-09-29,exideind,388.55,395.05,38,187.45,1.67
2025-10-06,itchotels,215.58,214.81,69,-112.52,-0.36
2025-10-06,bajajhldng,11802.0,12093.0,1,243.21,2.47
2025-10-06,dmart,4301.6,4294.4,3,-73.18,-0.17
2025-10-06,godrejcp,1147.6,1130.7,13,-278.94,-1.47
2025-10-06,torntpower,1200.0,1225.0,12,241.8,2.08
2025-10-13,dmart,4202.6,4259.6,3,120.23,1.36
2025-10-13,balkrisind,2218.2,2211.9,6,-90.96,-0.28
2025-10-13,godrejcp,1110.8,1110.6,13,-60.36,-0.02
2025-10-13,hyundai,2383.9,2419.6,6,156.56,1.5
2025-10-13,godrejind,1048.5,1070.6,14,250.06,2.11
2025-10-27,glenmark,1812.7,1843.3,8,186.3,1.69
2025-10-27,dalbharat,2093.2,2130.8,7,204.06,1.8
2025-10-27,hyundai,2273.0,2357.7,6,452.63,3.73
2025-10-27,nlcindia,260.5,252.1,58,-546.66,-3.22
2025-11-10,trent,4283.7,4375.8,3,224.34,2.15
2025-11-10,dixon,14867.0,15307.0,1,379.65,2.96
2025-11-10,eternal,301.45,308.8,50,306.47,2.44
2025-11-10,adanient,2298.36,2408.69,6,605.48,4.8
2025-11-10,godfryphlp,2998.7,3011.4,5,3.4,0.42
2025-11-17,tatainvest,775.25,762.35,19,-303.53,-1.66
2025-11-17,supremeind,3625.7,3591.0,4,-196.53,-0.96
2025-11-17,anthem,665.45,642.85,23,-579.98,-3.4
2025-11-17,waareeener,3301.7,3174.4,4,-561.01,-3.86
2025-11-17,srf,2833.1,2786.4,5,-289.7,-1.65
2025-11-24,supremeind,3432.5,3463.9,4,70.43,0.91
2025-11-24,oberoirlty,1607.1,1662.8,9,442.44,3.47
2025-11-24,pfc,362.65,362.4,41,-69.7,-0.07
2025-11-24,tmpv,358.3,359.25,42,-20.37,0.27
2025-11-24,godrejprop,2046.4,2114.4,7,417.75,3.32
2025-12-01,supremeind,3334.5,3297.4,4,-201.46,-1.11
2025-12-01,ubl,1671.0,1701.2,9,211.1,1.81
2025-12-01,lodha,1128.2,1103.9,13,-373.93,-2.15
2025-12-01,fortis,904.85,898.25,16,-163.3,-0.73
2025-12-01,cgpower,669.75,664.2,22,-180.79,-0.83
2025-12-08,niacl,156.29,160.23,96,317.47,2.52
2025-12-08,bajajhfl,93.65,96.23,161,354.24,2.75
2025-12-08,sjvn,71.24,73.85,212,491.8,3.66
2025-12-08,tiindia,2566.8,2627.9,5,253.55,2.38
2025-12-08,ireda,131.21,133.02,115,147.38,1.38
2025-12-15,itchotels,190.76,191.97,80,35.56,0.63
2025-12-15,sjvn,72.42,71.7,212,-213.75,-0.99
2025-12-15,kprmill,970.0,965.2,15,-130.06,-0.49
2025-12-15,awl,246.35,241.45,62,-364.29,-1.99
2025-12-15,cochinship,1587.6,1502.8,9,-818.83,-5.34
2025-12-22,enrin,2616.5,2595.5,5,-157.12,-0.8
2025-12-22,niacl,153.47,150.49,98,-351.62,-1.94
2025-12-22,premierene,885.7,886.65,17,-44.11,0.11
2025-12-22,atgl,568.7,565.2,26,-149.96,-0.62
2025-12-29,iob,33.84,36.13,443,952.48,6.77
2025-12-29,dixon,11857.0,12102.0,1,197.08,2.07
2025-12-29,coforge,1683.3,1663.0,8,-215.94,-1.21
2025-12-29,acc,1725.2,1737.7,8,44.59,0.72
2025-12-29,enrin,2578.5,2560.1,5,-143.39,-0.71
2026-01-05,premierene,787.75,752.05,19,-736.81,-4.53
2026-01-05,aparinds,8172.5,8184.0,1,-21.21,0.14
2026-01-05,godfryphlp,2263.3,2160.2,6,-671.68,-4.56
2026-01-05,itc,349.7,341.25,43,-422.77,-2.42
2026-01-05,jublfood,539.05,537.4,28,-106.48,-0.31
2026-01-12,awl,219.82,217.91,67,-186.63,-0.87
2026-01-12,lgeindia,1389.3,1391.7,10,-31.62,0.17
2026-01-12,gvt_d,2718.2,2796.0,5,333.86,2.86
2026-01-12,ubl,1517.2,1519.6,9,-33.06,0.16
2026-01-12,radico,2831.8,2907.4,5,320.61,2.67
2026-01-19,ltts,3870.0,3898.7,3,39.49,0.74
2026-01-19,deepakntr,1535.6,1590.8,9,440.53,3.59
2026-01-19,swiggy,333.8,334.55,44,-25.81,0.22
2026-01-19,fact,827.35,792.1,17,-654.31,-4.26
2026-01-19,awl,212.02,208.91,70,-276.63,-1.47
2026-02-02,syngene,467.75,472.6,31,92.05,1.04
2026-02-02,kpittech,998.5,981.4,14,-294.84,-1.71
2026-02-02,asianpaint,2402.0,2452.7,6,245.94,2.11
2026-02-02,sbicard,735.8,749.7,20,218.58,1.89
2026-02-02,ltts,3693.2,3812.3,3,312.27,3.22
2026-02-09,infy,1497.2,1471.9,9,-281.14,-1.69
2026-02-09,hext,601.85,572.1,24,-770.35,-4.94
2026-02-09,mphasis,2615.1,2588.2,5,-186.53,-1.03
2026-02-09,coforge,1549.3,1520.4,9,-315.35,-1.87
2026-02-09,aiil,499.5,500.95,29,-15.98,0.29
2026-02-16,infy,1365.6,1373.7,10,26.21,0.59
2026-02-16,kpittech,880.3,861.6,16,-354.94,-2.12
2026-02-16,tataelxsi,4821.0,4885.0,3,133.76,1.33
2026-02-16,naukri,1125.2,1119.3,12,-124.67,-0.52
2026-02-16,ofss,6699.0,6714.5,2,-22.65,0.23
2026-02-23,hext,503.75,467.2,28,-1077.77,-7.26
2026-02-23,coforge,1289.0,1212.9,11,-892.14,-5.9
2026-02-23,idfcfirstb,70.04,70.22,207,-20.81,0.26
2026-02-23,mphasis,2309.8,2257.6,6,-368.01,-2.26
2026-02-23,kpittech,812.7,788.7,17,-462.45,-2.95
2026-03-02,techm,1345.4,1351.2,10,4.07,0.43
2026-03-02,awl,180.29,179.7,77,-100.87,-0.33
2026-03-02,naukri,998.5,999.7,14,-39.15,0.12
2026-03-02,infy,1288.9,1307.4,10,133.07,1.44
2026-03-02,coforge,1162.7,1170.0,12,31.62,0.63
2026-03-09,acc,1450.5,1456.4,9,0.78,0.41
2026-03-09,tatacap,311.2,319.8,44,322.87,2.76
2026-03-09,idfcfirstb,66.76,66.16,209,-180.96,-0.9
2026-03-09,prestige,1304.6,1271.5,10,-382.52,-2.54
2026-03-09,dalbharat,1840.2,1855.9,7,58.16,0.85
2026-03-16,kpittech,631.95,688.25,22,1180.51,8.91
2026-03-16,hdfclife,626.0,643.35,22,325.85,2.77
2026-03-16,acc,1373.2,1405.2,10,264.43,2.33
2026-03-16,ambujacem,429.0,441.25,32,336.3,2.86
2026-03-16,dlf,530.35,563.1,26,794.64,6.18
2026-03-23,lodha,727.9,733.85,19,57.5,0.82
2026-03-23,bpcl,271.3,284.55,53,643.33,4.88
2026-03-23,ioc,138.11,140.52,104,192.69,1.74
2026-03-23,godrejind,786.85,807.3,18,310.71,2.6
2026-03-23,hindpetro,319.15,344.0,45,1058.57,7.79
2026-03-30,idbi,61.5,67.65,242,1425.79,10.0
2026-03-30,lodha,677.0,685.35,22,123.76,1.23
2026-03-30,icicipruli,509.55,513.35,29,50.87,0.75
2026-03-30,godrejind,749.0,831.85,19,1514.08,11.06
2026-03-30,ioc,135.4,135.72,110,-24.45,0.24
2026-04-06,hyundai,1691.4,1778.9,9,725.03,5.17
2026-04-06,m_mfin,281.25,296.7,55,786.18,5.49
2026-04-06,ioc,134.05,143.35,115,1005.7,6.94
2026-04-06,ashokley,150.91,172.48,102,2134.17,14.29
2026-04-06,ajantpharm,2742.3,2709.0,5,-221.01,-1.21
2026-04-13,hyundai,1746.2,1781.4,9,253.3,2.02
2026-04-13,sunpharma,1652.2,1696.6,9,339.32,2.69
2026-04-13,swiggy,264.2,272.25,61,425.6,3.05
2026-04-13,unitdspr,1231.5,1252.4,13,207.12,1.7
2026-04-13,ubl,1461.7,1470.7,11,34.49,0.62
2026-04-20,industower,405.8,408.15,40,28.88,0.58
2026-04-20,sunpharma,1668.6,1669.8,9,-49.29,0.07
2026-04-20,ajantpharm,2781.3,2779.2,5,-66.11,-0.08
2026-04-20,ipcalab,1468.6,1494.8,11,223.01,1.78
2026-04-20,patanjali,459.65,472.1,36,381.11,2.71
2026-04-27,infy,1170.3,1167.5,14,-104.66,-0.24
2026-04-27,persistent,4817.5,4805.8,3,-92.84,-0.24
2026-04-27,hcltech,1228.2,1200.2,13,-427.14,-2.28
2026-04-27,industower,402.3,413.9,41,408.67,2.88
2026-04-27,bhartihexa,1499.4,1527.1,11,238.12,1.85
2026-05-04,vedl,294.65,316.4,56,1149.56,7.38
2026-05-04,indianb,830.35,866.85,20,662.11,4.4
2026-05-04,unionbank,163.77,168.75,101,435.81,3.04
2026-05-04,hcltech,1200.5,1189.1,13,-210.33,-0.95
2026-05-04,persistent,4788.1,5014.0,3,618.89,4.72
2026-05-11,vedl,298.4,323.35,57,1351.27,8.36
2026-05-11,sbin,973.6,970.1,17,-125.59,-0.36
2026-05-11,unionbank,163.81,162.46,105,-210.27,-0.82
2026-05-11,canbk,129.43,129.26,132,-90.73,-0.13
2026-05-11,dalbharat,1772.2,1776.9,9,-21.58,0.27
2026-05-18,apollotyre,375.15,375.9,46,-34.6,0.2
2026-05-18,recltd,333.7,333.0,52,-105.74,-0.21
2026-05-18,sbin,939.4,950.9,18,138.95,1.22
2026-05-18,waareeener,2997.5,3005.2,5,-21.53,0.26
2026-05-18,vedl,327.0,333.75,53,287.71,2.06
2026-05-25,lici,418.67,415.0,41,-219.04,-0.88
2026-05-25,torntpower,1474.6,1440.5,11,-439.23,-2.31
2026-05-25,ubl,1323.5,1339.8,13,142.65,1.23
2026-05-25,dmart,4097.2,4124.4,4,43.03,0.66
2026-05-25,ntpcgreen,102.02,104.33,170,322.54,2.26
2026-06-01,trent,2771.53,2838.4,6,333.88,2.41
2026-06-01,lici,404.85,402.9,42,-149.75,-0.48
2026-06-01,cochinship,1429.4,1455.7,12,246.36,1.84
2026-06-01,concor,464.1,451.9,37,-519.18,-2.63
2026-06-01,ubl,1286.0,1340.0,13,633.72,4.2
2026-06-08,trent,2724.1,2754.7,6,117.85,1.12
2026-06-08,rvnl,228.23,228.17,76,-73.93,-0.03
2026-06-08,lici,395.5,395.95,44,-49.85,0.11
2026-06-08,concor,445.35,445.5,39,-63.64,0.03
2026-06-08,hindzinc,556.0,547.55,31,-330.37,-1.52
2026-06-15,ongc,243.65,245.0,71,26.46,0.55
2026-06-15,oil,417.2,417.05,41,-74.56,-0.04
2026-06-15,ntpc,348.1,355.55,50,302.13,2.14
2026-06-15,glaxo,2122.5,2199.8,8,549.24,3.64
2026-06-15,tataconsum,1100.4,1124.5,15,294.75,2.19
2026-06-22,sail,174.85,171.42,100,-412.25,-1.96
2026-06-22,infy,1065.4,1056.6,16,-208.7,-0.83
2026-06-22,tcs,2127.8,2109.0,8,-218.19,-0.88
2026-06-22,patanjali,418.25,414.2,42,-240.03,-0.97
2026-06-22,ongc,245.45,240.0,71,-455.88,-2.22
2026-06-29,persistent,4298.5,4330.2,4,57.77,0.74
2026-06-29,piind,2559.8,2575.0,6,29.58,0.59
2026-06-29,upl,568.4,565.05,30,-168.51,-0.59
2026-06-29,infy,1036.7,985.3,16,-887.1,-4.96
2026-06-29,ltts,3129.8,3047.7,5,-472.28,-2.62
2026-07-06,kpittech,558.0,554.6,30,-168.76,-0.61
2026-07-06,indianb,786.9,772.4,21,-369.99,-1.84
2026-07-06,bankbaroda,249.95,240.45,68,-712.69,-3.8
2026-07-06,unionbank,161.08,154.39,105,-768.7,-4.15
2026-07-06,petronet,275.5,271.6,61,-304.65,-1.42
2026-07-13,astral,1330.9,1359.8,12,282.22,2.17
2026-07-13,tatacomm,1835.4,1855.7,9,116.26,1.11
2026-07-13,bergepaint,492.95,491.7,33,-106.24,-0.25
2026-07-13,vbl,469.1,464.2,35,-236.83,-1.04
2026-07-13,irfc,89.75,88.87,185,-228.89,-0.98
2026-07-20,patanjali,339.2,336.15,48,-211.23,-0.9
2026-07-20,kei,4928.5,4971.0,3,68.1,0.86
2026-07-20,polycab,8885.0,9090.5,1,169.55,2.31
2026-07-20,bdl,1257.6,1249.5,13,-170.48,-0.64
2026-07-20,axisbank,1256.0,1238.4,13,-293.65,-1.4
2026-07-27,drreddy,1150.8,1142.3,14,-183.21,-0.74
2026-07-27,tatacomm,1735.2,1780.7,9,346.21,2.62
2026-07-27,kei,4873.0,4853.5,3,-116.86,-0.4
2026-07-27,hdfcbank,739.55,748.2,22,124.84,1.17
2026-07-27,thermax,4454.5,4378.0,3,-282.5,-1.72
2026-08-03,cgpower,826.1,889.5,19,1139.41,7.67
2026-08-03,mcx,2642.1,2598.6,6,-323.89,-1.65
2026-08-03,lichsgfin,519.0,512.05,31,-279.38,-1.34
2026-08-03,hdbfs,684.85,675.25,24,-295.68,-1.4
2026-08-03,adaniports,1701.0,1700.0,9,-70.22,-0.06
