week,stock,buy,sell,qty,pnl,pnl_pct,rsi,mom5
2024-08-12,acc,2313.6,2281.95,6,-245.05,-1.37,17.4,-2.81
2024-08-12,sundarmfin,3891.55,3876.35,4,-122.94,-0.39,18.8,-3.56
2024-08-12,grasim,2571.1,2512.4,6,-413.2,-2.28,22.0,-1.58
2024-08-19,apollotyre,483.0,506.25,32,680.69,4.81,15.5,-1.8
2024-08-19,balkrisind,2802.3,2844.85,5,156.28,1.52,21.9,-8.39
2024-08-19,aplapollo,1357.0,1358.7,11,-41.05,0.13,21.7,-4.78
2024-09-02,eternal,244.45,242.85,64,-164.77,-0.65,26.7,-6.93
2024-09-02,federalbnk,194.72,187.87,81,-616.83,-3.52,27.2,-2.02
2024-09-02,irfc,177.54,176.02,89,-198.21,-0.86,29.4,-1.94
2024-09-09,bhel,262.05,258.75,59,-256.15,-1.26,11.0,-8.63
2024-09-09,siemens,3849.69,3869.91,4,19.13,0.53,7.3,-3.26
2024-09-09,federalbnk,184.99,183.18,83,-211.35,-0.98,14.4,-5.0
2024-09-23,patanjali,580.4,578.12,26,-119.61,-0.39,16.3,-5.99
2024-09-23,concor,887.45,889.3,17,-28.96,0.21,19.8,-6.73
2024-09-23,recltd,542.5,545.05,28,10.5,0.47,20.4,-3.25
2024-10-21,nestleind,1177.32,1163.57,13,-239.61,-1.17,7.5,-5.89
2024-10-21,nhpc,82.05,78.18,186,-779.43,-4.72,12.8,-9.89
2024-10-21,titan,3363.25,3288.6,4,-351.81,-2.22,10.5,-3.85
2024-11-04,gail,196.19,208.92,75,893.98,6.49,4.1,-5.15
2024-11-04,indigo,3963.1,4061.95,3,248.4,2.49,9.9,-1.3
2024-11-04,ioc,138.93,144.61,107,547.08,4.09,12.7,-5.5
2024-11-11,auropharma,1289.05,1249.45,11,-491.45,-3.07,12.1,-8.4
2024-11-11,tiindia,3620.2,3447.65,4,-746.74,-4.77,19.3,-16.72
2024-11-11,bhartiartl,1560.55,1550.45,9,-146.9,-0.65,13.5,-1.93
2024-12-16,nationalum,219.91,226.88,68,413.2,3.17,23.6,-12.23
2024-12-16,godrejcp,1112.35,1091.75,13,-325.11,-1.85,21.9,-1.37
2024-12-16,heromotoco,4539.0,4389.45,3,-502.22,-3.29,22.4,-1.24
2024-12-30,sjvn,103.5,110.85,143,989.75,7.1,7.6,-7.21
2024-12-30,ucobank,42.39,43.86,350,454.13,3.47,7.4,-4.05
2024-12-30,gmrairport,77.32,78.59,191,183.01,1.64,7.6,-1.9
2025-01-06,tataelxsi,6486.45,6473.5,2,-77.74,-0.2,8.0,-6.34
2025-01-06,piind,3600.2,3630.45,4,63.15,0.84,8.0,-3.64
2025-01-06,indianb,509.8,507.5,30,-130.04,-0.45,15.9,-3.98
2025-02-03,motherson,87.07,91.19,175,657.44,4.72,28.2,-5.58
2025-02-03,jindalstel,807.7,818.85,18,142.14,1.38,27.5,-3.97
2025-02-03,hcltech,1692.0,1712.85,9,126.36,1.23,26.7,-0.07
2025-02-10,syngene,736.3,709.45,21,-624.57,-3.65,24.4,-0.78
2025-02-10,powergrid,268.7,257.05,58,-736.69,-4.34,29.7,-5.32
2025-02-10,aplapollo,1406.6,1339.95,11,-793.57,-4.74,28.0,-2.48
2025-03-17,idfcfirstb,52.89,55.42,282,652.37,4.78,14.2,-7.76
2025-03-17,tatatech,628.45,671.3,23,925.76,6.82,16.6,-6.42
2025-03-17,techm,1440.1,1396.15,10,-496.22,-3.05,17.7,-3.5
2025-04-28,jswenergy,476.2,479.2,32,34.85,0.63,32.1,-8.66
2025-04-28,voltas,1246.4,1236.1,12,-183.18,-0.83,34.9,-5.43
2025-04-28,muthootfin,2133.4,2169.9,7,195.25,1.71,36.9,-3.19
2025-05-05,syngene,629.2,621.2,24,-252.02,-1.27,36.3,-0.14
2025-05-05,acc,1882.3,1844.9,8,-358.84,-1.99,36.0,-2.87
2025-05-05,torntpower,1477.9,1501.9,10,180.4,1.62,41.7,-3.95
2025-05-12,acc,1858.8,1861.0,8,-41.92,0.12,20.8,-1.25
2025-05-12,patanjali,606.3,594.43,24,-342.43,-1.96,24.0,-2.9
2025-05-12,m_mfin,249.91,259.65,60,523.08,3.9,28.3,-2.89
2025-05-26,balkrisind,2492.0,2478.0,6,-143.64,-0.56,26.4,-7.38
2025-05-26,sunpharma,1676.1,1666.4,9,-147.46,-0.58,26.1,-3.13
2025-05-26,bluestarco,1551.9,1555.5,9,-23.53,0.23,29.2,-4.09
2025-06-02,dixon,14612.0,14956.0,1,284.86,2.35,21.6,-3.14
2025-06-02,balkrisind,2450.1,2471.4,6,68.74,0.87,21.6,-1.68
2025-06-02,havells,1514.8,1500.0,9,-187.47,-0.98,26.3,-3.36
2025-06-16,apollotyre,447.55,445.4,33,-129.88,-0.48,19.8,-5.27
2025-06-16,escorts,3149.6,3270.2,4,431.04,3.83,23.2,-4.22
2025-06-16,gicre,386.95,371.4,39,-665.6,-4.02,24.0,-5.12
2025-06-23,bankbaroda,233.85,239.06,64,272.91,2.23,20.1,-2.81
2025-06-23,pidilitind,1475.85,1502.95,10,211.42,1.84,20.2,-1.57
2025-06-23,godrejcp,1171.0,1185.3,12,115.05,1.22,21.8,-1.43
2025-07-07,godrejind,1168.7,1146.1,13,-353.98,-1.93,21.1,-6.22
2025-07-07,unitdspr,1382.6,1370.9,11,-189.28,-0.85,23.0,-3.19
2025-07-07,godrejprop,2299.0,2255.1,6,-318.05,-1.91,28.0,-1.88
2025-07-14,supremeind,4112.0,4235.9,3,321.61,3.01,12.7,-3.78
2025-07-14,persistent,5605.0,5592.5,2,-69.79,-0.22,13.0,-4.03
2025-07-14,oberoirlty,1804.2,1816.5,8,40.47,0.68,13.5,-2.17
2025-07-21,solarinds,14926.0,14826.0,1,-159.5,-0.67,7.7,-1.89
2025-07-21,hcltech,1530.4,1529.8,9,-60.48,-0.04,8.5,-5.52
2025-07-21,tcs,3158.2,3179.1,4,32.9,0.66,13.2,-2.0
2025-08-04,acc,1790.2,1830.4,8,263.67,2.25,11.6,-1.94
2025-08-04,petronet,282.1,272.6,53,-562.3,-3.37,14.6,-6.4
2025-08-04,sbicard,804.5,793.0,18,-264.51,-1.43,16.7,-3.89
2025-08-11,abb,5047.0,5087.0,2,39.46,0.79,10.4,-0.89
2025-08-11,infy,1428.2,1426.6,10,-73.1,-0.11,13.1,-3.53
2025-08-11,sbicard,797.8,790.1,18,-195.76,-0.97,13.3,-0.83
2025-09-01,ubl,1795.8,1829.2,8,209.2,1.86,16.9,-4.23
2025-09-01,mahabank,52.01,52.82,283,169.9,1.56,21.6,-5.09
2025-09-01,tataelxsi,5357.0,5427.5,2,97.86,1.32,27.9,-3.99
2025-09-08,bdl,1441.4,1496.7,10,494.24,3.84,20.5,-1.19
2025-09-08,tatacomm,1547.0,1582.7,9,264.96,2.31,20.1,-0.9
2025-09-08,icicipruli,593.15,602.25,25,167.73,1.53,20.0,-2.57
2025-09-22,pidilitind,1519.0,1519.5,9,-50.19,0.03,18.0,-1.17
2025-09-22,trent,5010.5,4897.0,3,-399.94,-2.27,23.9,-2.39
2025-09-22,hindunilvr,2572.2,2549.5,5,-164.72,-0.88,24.8,-0.34
2025-10-13,dmart,4202.6,4259.6,3,120.23,1.36,9.0,-2.3
2025-10-13,balkrisind,2218.2,2211.9,6,-90.96,-0.28,9.2,-3.41
2025-10-13,hyundai,2383.9,2419.6,6,156.56,1.5,12.5,-3.91
2025-10-27,glenmark,1812.7,1843.3,8,186.3,1.69,7.5,-2.64
2025-10-27,dalbharat,2093.2,2130.8,7,204.06,1.8,17.4,-6.77
2025-11-10,hindunilvr,2408.8,2424.5,6,36.2,0.65,4.6,-2.3
2025-11-10,trent,4283.7,4375.8,3,224.34,2.15,14.5,-8.75
2025-11-10,dixon,14867.0,15307.0,1,379.65,2.96,13.9,-4.05
2025-11-24,pfc,362.65,362.4,42,-71.4,-0.07,7.9,-3.65
2025-11-24,oberoirlty,1607.1,1662.8,9,442.44,3.47,10.4,-7.91
2025-11-24,supremeind,3432.5,3463.9,4,70.43,0.91,12.5,-5.33
2025-12-01,piind,3388.9,3374.6,4,-111.31,-0.42,5.5,-1.06
2025-12-01,supremeind,3334.5,3297.4,4,-201.46,-1.11,11.1,-2.86
2025-12-01,ubl,1671.0,1701.2,9,211.1,1.81,15.5,-1.99
2025-12-22,kprmill,963.5,940.8,16,-424.14,-2.36,18.5,-0.67
2025-12-22,heromotoco,5699.5,5698.5,2,-47.59,-0.02,20.9,-4.36
2025-12-22,hindunilvr,2289.5,2282.2,6,-98.66,-0.32,22.2,-0.17
2025-12-29,iob,33.84,36.13,451,969.68,6.77,12.8,-0.44
2025-12-29,heromotoco,5566.0,5771.0,2,364.65,3.68,13.5,-3.72
2025-12-29,coforge,1683.3,1663.0,9,-242.93,-1.21,20.5,-8.78
2026-01-19,awl,212.02,208.91,73,-288.49,-1.47,6.7,-3.55
2026-01-19,cochinship,1506.4,1467.3,10,-450.47,-2.6,12.8,-3.6
2026-01-19,lgeindia,1371.0,1373.4,11,-33.98,0.18,15.3,-1.32
2026-02-02,asianpaint,2402.0,2452.7,6,245.94,2.11,9.1,-11.16
2026-02-02,kpittech,998.5,981.4,15,-315.9,-1.71,9.8,-10.41
2026-02-02,phoenixltd,1631.5,1719.1,9,728.09,5.37,9.7,-5.5
2026-02-16,hcltech,1461.8,1467.2,10,-4.58,0.37,12.4,-8.75
2026-02-16,techm,1512.7,1504.8,10,-139.35,-0.52,14.8,-6.72
2026-02-16,mphasis,2461.5,2435.8,6,-212.97,-1.04,17.8,-5.87
2026-02-23,wipro,205.89,201.92,75,-358.92,-1.93,8.7,-3.46
2026-02-23,awl,195.66,190.73,79,-450.52,-2.52,15.2,-4.04
2026-02-23,apollotyre,453.5,463.25,34,269.16,2.15,16.8,-5.37
2026-03-02,eternal,242.87,240.73,63,-195.75,-0.88,2.2,-9.38
2026-03-02,motilalofs,717.5,705.55,21,-310.72,-1.67,1.3,-5.99
2026-03-02,balkrisind,2302.6,2256.8,6,-329.51,-1.99,5.1,-8.23
2026-03-16,hdfclife,626.0,643.35,24,355.47,2.77,2.5,-4.24
2026-03-16,awl,172.3,177.27,87,371.56,2.88,12.3,-1.88
2026-03-16,bergepaint,404.5,414.95,37,326.01,2.58,13.5,-6.84
2026-04-06,cipla,1200.9,1215.9,12,122.0,1.25,22.6,-3.5
2026-04-06,crisil,3808.6,3852.3,4,113.51,1.15,24.0,-4.02
2026-04-06,torntpharm,4011.6,4029.2,3,4.55,0.44,24.4,-6.65
2026-04-27,hcltech,1228.2,1200.2,12,-394.28,-2.28,29.0,-14.01
2026-04-27,infy,1170.3,1167.5,13,-97.18,-0.24,29.6,-10.84
2026-04-27,persistent,4817.5,4805.8,3,-92.84,-0.24,30.1,-9.53
2026-05-04,indianb,830.35,866.85,18,595.9,4.4,4.7,-9.02
2026-05-04,hcltech,1200.5,1189.1,12,-194.15,-0.95,18.2,-2.26
2026-05-04,persistent,4788.1,5014.0,3,618.89,4.72,20.2,-0.61
2026-05-11,ubl,1412.2,1381.2,11,-402.45,-2.2,15.0,-3.48
2026-05-11,sbin,973.6,970.1,16,-118.2,-0.36,21.9,-8.87
2026-05-11,canbk,129.43,129.26,120,-82.49,-0.13,19.8,-3.98
2026-05-18,tatapower,404.35,413.5,38,285.54,2.26,7.7,-6.66
2026-05-18,recltd,333.7,333.0,46,-93.54,-0.21,16.3,-5.08
2026-05-18,ubl,1354.5,1348.8,11,-122.17,-0.42,15.5,-4.09
2026-06-01,dabur,424.6,417.85,36,-303.66,-1.59,13.7,-5.05
2026-06-01,tataconsum,1143.3,1144.0,13,-50.37,0.06,14.8,-3.7
2026-06-01,ubl,1286.0,1340.0,11,536.23,4.2,18.6,-2.83
2026-06-08,policybzr,1511.9,1509.6,10,-83.43,-0.15,7.3,-9.54
2026-06-08,awl,185.71,187.14,83,56.8,0.77,9.4,-2.59
2026-06-08,patanjali,419.95,419.6,36,-73.05,-0.08,13.0,-6.52
2026-06-29,ongc,234.05,234.99,66,0.13,0.4,18.7,-4.64
2026-06-29,piind,2559.8,2575.0,6,29.58,0.59,19.4,-8.76
2026-06-29,oil,412.75,419.8,37,199.24,1.71,19.4,-2.32
2026-07-06,tataelxsi,3658.6,3623.6,4,-198.26,-0.96,20.9,-8.08
2026-07-06,tatapower,377.55,372.1,41,-284.92,-1.44,20.1,-2.32
2026-07-06,industower,386.55,388.55,40,17.99,0.52,21.0,-2.05
2026-07-13,tatacomm,1835.4,1855.7,8,103.34,1.11,16.9,-2.99
2026-07-13,astral,1330.9,1359.8,11,258.7,2.17,23.2,-4.18
2026-07-13,irfc,89.75,88.87,171,-211.57,-0.98,20.3,-0.54
2026-07-20,sjvn,69.1,68.66,223,-159.56,-0.64,15.1,-2.08
2026-07-20,suzlon,53.09,53.01,290,-84.74,-0.15,19.8,-0.15
2026-07-20,kei,4928.5,4971.0,3,68.1,0.86,22.3,-3.59
2026-07-27,apollotyre,419.95,424.1,36,88.63,0.99,15.3,-2.04
2026-07-27,tatacomm,1735.2,1780.7,8,307.75,2.62,21.6,-4.8
2026-07-27,hdfcbank,739.55,748.2,20,113.49,1.17,20.8,-4.89
